{
    "query_count": {
        "mean": 0.008872544727548668,
        "median": 0.0,
        "p75": 0.0,
        "p90": 0.0,
        "std": 0.10068105401070314
    },
    "query_response_days": {
        "mean": 0.0,
        "median": 0.0,
        "p75": 0.0,
        "p90": 0.0,
        "std": 0.0
    },
    "missing_pages_count": {
        "mean": 0.7292414557977994,
        "median": 0.0,
        "p75": 0.0,
        "p90": 2.0,
        "std": 2.7760850089516222
    },
    "completeness_score": {
        "mean": 20.07608790823921,
        "median": 0.0,
        "p75": 0.0,
        "p90": 98.0,
        "std": 39.238779588059394
    },
    "issue_aging_days": {
        "mean": 0.0,
        "median": 0.0,
        "p75": 0.0,
        "p90": 0.0,
        "std": 0.0
    },
    "planned_visits": {
        "mean": 0.7256807635058226,
        "median": 0.0,
        "p75": 0.0,
        "p90": 2.0,
        "std": 2.7532155647233254
    },
    "completed_visits": {
        "mean": 0.020284271663310278,
        "median": 0.0,
        "p75": 0.0,
        "p90": 0.0,
        "std": 0.16954705453271068
    },
    "overdue_visits": {
        "mean": 0.7053964918425123,
        "median": 0.0,
        "p75": 0.0,
        "p90": 2.0,
        "std": 2.7485556525031187
    }
}